,California,Georgia
2002,57.81303258145362,63.28730158730159
2005,57.571627906976715,62.92857142857144
2011,56.66731601731603,64.23925233644862
