,California,Georgia
2002,45.04235294117647,52.27499999999998
2005,45.73476297968397,51.962637362637345
2011,44.61804670912953,52.28598130841124
